hero_image,date_published,clicks,commissions,orders,items_sold,order_conversion_rate,items_sold_conversion_rate,share_url
https://product-images-cdn.liketoknow.it/9SCL8QdMUpDdhCoQ_1jBZmfom8rWcRewCM3BUZAL3ZiiMRFDkb5mZlR6KFyI.7pyWC4aUkF7U.6xCoQ7EDWTSv2zqtbsecw5Ov4MvE4_usJ364PYkIAwc7ZS5nwUksZzVgPbu439y_y5jFng_TOQ05N5YkplHTDjExmb0wl471n0CCNaD12jQfpSIE4-,2025-10-10T16:29:49+00:00,2543,594.30000000000,68,72,0.026740,0.028313,https://liketk.it/5qNOx
https://product-images-cdn.liketoknow.it/B03J4FGF_Niwc143dRdW2rgbZc_kDD4JrhSqIO0ZVIbOL.EKGs5VfuTj4SnRPSk2cIzZd6Vel1_Auqyl1f3ERBoUHaj4Ni1sTK8DMwyHZh4Ez1.0ZkBhYqA0jAafeC6P8_9dkSOQ0iSrwxyLpVW2mDOZjiIlFNlS7jF4tac98x.jurhf7M2da23N5xw-,2025-11-03T19:18:21+00:00,2021,544.40960000000,42,106,0.020781,0.052449,https://liketk.it/5uEkH
https://product-images-cdn.liketoknow.it/rq5rBprEVR1J.sTNZOEoRxfQtbvvZyIBGrLExwVJBIx8hUcvsmh7Zg2ZamhDJBRmpaBoPcZVqaAshwAXORfIeWnFhVlqmjqwyzht1rc0Xyv2t_HqOxm67e6XWdRuFMEIPxwaXp3ntYs5xWHs1p6E_GAaMbIP4oqUci7Ct.wJRjck.Y.tVpt9XiY_.GQ-,2025-10-21T18:50:28+00:00,2371,436.42620000000,61,66,0.025727,0.027836,https://liketk.it/5rORf
https://product-images-cdn.liketoknow.it/d5AMRWl2WBlpMFGgRH09zM5CETqHxqB5ohaD7R3j7M_NC2n2qeRLsLI0QG8BwDSFsqHi_wyG25tLwPruk7jebsZe9t6g7JzoYI5cS7S182tlYIqztggeOR9a6B0MfCT4KcmxA9OHesrhJFhpvUVffKEW6SwQGFLPg7DvRCik9fY88W7ZbqdRS5JBUHQ-,2025-09-19T16:54:11+00:00,134,357.81900000000,49,49,0.365671,0.365671,https://liketk.it/5owf3
https://product-images-cdn.liketoknow.it/HSXruFT0Gn8phed.xy6NmtjdE.YSYorqT6lGiP4qnJb6acBbja9fUUWer3lGi5J_HoPaz4qTOzMl_asFv6CpZfQnbn4U7W4XAFouTBDF_bw9itUXg3I8pVbfRBKsqANkwauWcILkHGuVFnOK4gmcvk7CkKezDMDLnZQzkM_LPAMqVc1_vnAoqfYa4UE-,2025-10-28T19:42:58+00:00,1217,232.37200000000,38,70,0.031224,0.057518,https://liketk.it/5tbyi
https://product-images-cdn.liketoknow.it/K3MUDXTVL_P4pXCtYPg9_rdzzwiSLBKGXZtairJvAz7cxzXOb5SIuMPTJOGGiNdDzdAYCmZCFk7pEv5eR9yiikNb2M4.obZFwCMelliIZfiBxTD.co5c89rnvktWRJ8IRhfsw7AyjNN9.LzEHF61rI9dfeuZtmCu0W92fmntPFiTVbnTemO5AOhE5pc-,2025-11-08T19:36:31+00:00,629,195.34900000000,18,36,0.028616,0.057233,https://liketk.it/5w5KW
https://product-images-cdn.liketoknow.it/AacGOLWLlatButZAIPQc7EEMugND76_YLDWmcDSeCX9D7Xxv7yYPdXwC3Qyk9fRoEpEPZvpKQ2VZZIEXNImeL4pk95lY4oxIw7toBDVpouyp_wTX4GlcfVB.Q5Vjxvrs3QvPJFU1J6r8Te5r0EnpvcMZTfxhzS2fLu.kXvQn9EflY638b3LYOnHS4LM-,2025-10-09T20:52:24+00:00,866,159.07500000000,17,29,0.019630,0.033487,https://liketk.it/5qJoi
https://product-images-cdn.liketoknow.it/Q3MGx5Tm.XTbkAHwUQp4VEnD.kQeliqROgYpElixPef8.SdfrmY4HOYPVp03A6cGxXAdMu2lcClIQpc1zUcoCVt9YOMSIh.EA.B_uwlK23ffGkVOgSc6Hx9QM40NGLUy2obGapbMxIXbBOczkIXdzOMzHIoEmEw.aYdyABzrlvLE9UEcoysuYhF09jY-,2025-11-09T10:38:42+00:00,248,134.91800000000,10,34,0.040322,0.137096,https://liketk.it/5wgr5
https://product-images-cdn.liketoknow.it/fw5b4hHeRg.Brp3aSMyepTaSot.8ZhpxoHgZenknzXUCrkjWLy3GVliVQgV7ATEMQpfSBsWUEsT.5vxFAsWAzJqLqkhNvlOF0YX4t_2eYk76q6efaWgK5Ur9WNAs4.G7txLX6G4XWx79eg63JSJA8lZEzs4DAp4BtVkNsZ9yMntoeOCp.cQNnPwcCyI-,2025-11-08T23:11:05+00:00,457,131.85900000000,17,34,0.037199,0.074398,https://liketk.it/5w95J
https://product-images-cdn.liketoknow.it/nKwmAz0TuO6di4ZekdUuFCC2pnDpFB8RHlboiQzyLSX3wvfhhAQdVULA8EurEU2aws44XsKGuxsH_9L56Jpp61JnHRV_JMgxF_3_mLs3CIgPlUH_5zgjzqWKB7Cm1E00SIhVfn8CFvZHArw.q.z8scykvvssRK2V7fs890kAiAs_K4XEo0Lz8qSkbcE-,2025-10-18T20:21:20+00:00,2,130.64100000000,2,9,1.000000,4.500000,https://liketk.it/5ryCI
https://product-images-cdn.liketoknow.it/A.BCzO92z2L4RWDEQqTfEDneRJR09_UW761G5MJ2x0XQVrzvGSs_G8BOx4_GP4FNl8LH1gK4DnwB31SyIvxlU0lThN3CYc73n4moFD0vkTck1n_v71SAMRM4PezWAQBU7avHLXE3hr08jQx12muEBaJDkPlo8TrFMeMSxJe7IthM1TpBwxSoJjYihFE-,2025-10-01T16:31:47+00:00,1011,108.92700000000,29,93,0.028684,0.091988,https://liketk.it/5pRRc
https://product-images-cdn.liketoknow.it/bMC.C1LWkNHUtZpt9LvPBYiyceNIjHW27ioh0jVZON05WVbV22t9G9NTcUZQFFlWeiSYvWDw6eibYxwfd_DQNRuddzC4NvK1pfvP6RU6Jk5WE2K0gNiHC3_1XNzmnVpojGd0BeFKFIBn9jXi.EINKsjJehBGu2fx63tSPR9Vj5Wl6is_ZWEm9B844oQ-,2025-11-03T16:47:45+00:00,429,106.63800000000,14,16,0.032634,0.037296,https://liketk.it/5uC8S
https://product-images-cdn.liketoknow.it/tejpsQTndbAkG1.aCaxWOxtAtSDMp2D00WDjfaF1bhhrlbICVDxuAdvSkrRHN7rMcd0Ujombv8CeU_5YJhNLGJRFraMp5fIGnx_fGcnUSPb3D4zOGiw9cUD51MyN2fqLz.tu4BVRj488AFg5_rGIGh8jOZ42Gduj5LK5T18H0ACE6SBe2kOyNTOqRh0-,2025-09-17T16:01:09+00:00,472,104.32100000000,13,36,0.027542,0.076271,https://liketk.it/5ojSq
https://product-images-cdn.liketoknow.it/qqJC4hrw1eqMHnBy4nQCCr75xK45gMWbwQh8PV3rsRTJZj.ybB8iyETwASpZE57MyXtx2YNNV1c3DWZ9TydozL.IGROWTI5OhnnFbDTqawHj6nSGadOkdPah2Leq_75t1MK.05G5fsnzko05EaStgONcQO_XKFbmW3AmcsT_K.jtn1PEkh85m5f2bpQ-,2025-09-25T20:42:33+00:00,732,77.88200000000,5,7,0.006830,0.009562,https://liketk.it/5p6U1
https://product-images-cdn.liketoknow.it/S04bqZJ40PeKZzWs01bMwH1I2arHpMw5zokQAt7ok47VUA3kNTOmQMsvU0rAjmgqksMOt6.ijzzObqp0XSfYZuw3OKf3N08C_A4rOmbUdffuokqTIkrl.zyXacSXg1ReF8zi4RsPECvYHgSX5rHbkM0aNF47dc3GRmdGLism4GVfCVr5qfAEWF07Vvo-,2025-09-09T12:55:29+00:00,9,74.55000000000,2,5,0.222222,0.555555,https://liketk.it/5nACO
https://product-images-cdn.liketoknow.it/hZlC12z67yokU5NDBOE5.ijA2t3AxbZnT7tzQl3NyStbS9wIy9J.M6wSslF4nCdm7FCa6n9rV7h_jd5svdqIqt_MkOuKa79mPoWDZfgOdYnfYdwRrep4Y2Fw4glf7iOOtzfPwyI79zhzzspc4HwgJHwWHnZzMoAyNAeMZCjiQNZbmJvpzlyH2Yw7YPo-,2025-10-27T20:44:13+00:00,242,74.09500000000,18,111,0.074380,0.458677,https://liketk.it/5sVUj
https://product-images-cdn.liketoknow.it/_rVedsqoeXJ31q9ZGaSbRH3nnTCbhAc3dv4H51kkrvMeofRJLCGL7u96dPPavHIYeMeGwimJ5RZwToBD9TAbfZNJtvpp7hfRq.5qdnHTe.GgzhAPuz7tshQUsfNSbsNBeqB0cQBZqYkj0M0.APm6JC7cgXU6Fx_xjnOJzM1temMK7KNNafU0LRVaaIc-,2025-11-09T00:20:06+00:00,218,70.05600000000,9,20,0.041284,0.091743,https://liketk.it/5wadK
https://product-images-cdn.liketoknow.it/HIuBGq.65nX1bP5phrfKr8HGmROXWnCVqFqPmjNdFRwKLkp5sPX1sN.S04Dqxi_mMTrBaneQg9.pp89tDSOSV9WrO_Y_EoyZIMNK38A1YMG38EdVlUffsOYOKT7nxsg1reN7WwIlzHG4QHxTiDrHQJPGH4Dgl_Xti87Le3wd2u7pTlQuBR7oiFCzU68-,2025-09-20T23:50:35+00:00,87,69.14600000000,7,8,0.080459,0.091954,https://liketk.it/5oD8G
https://product-images-cdn.liketoknow.it/e6aMn3XvuPsJ7p.Xt4Lgm16E3GR0KtRvaKtef3ARrrfjevwJG2ZBsK2QCKebrPs2hf97q5Hb7MtvaAUIH_mMRivlfCD91.IswX_UchPUPNHdilaok6jTK_LzKnraC5jW1xbqWvr5Eh..n6Dod555_BJPLuLSQ4dKlj5sim6v4GPPj8VwIrC9flC0VQM-,2025-11-13T04:56:13+00:00,508,59.78000000000,4,10,0.007874,0.019685,https://liketk.it/5xvzH
https://product-images-cdn.liketoknow.it/MTGZJam7JnfHx.7UX9U.nbKPPj8h2pAYZ1C03mDVp.6Uebud8BNgsGxQNJ15FBtqlzt7KZBA4WKadWK2b3djLj0WEEIo98vf96G9Np48t2gN_9LLAqbgqAymF0A.Xs4AWTvEy75lbhwUIqQgKS_SDNHPn3lRuEIVldCsyjtXFCaAUPDDL8VNkIUHQFs-,2025-10-23T11:21:08+00:00,169,59.27600000000,4,14,0.023668,0.082840,https://liketk.it/5s2Lm
https://product-images-cdn.liketoknow.it/8znxM211djJ2eR_.Q_OFE_5fQeTi8CDW4ijcSofbCqR2gAbGuD10bJcT.I02WX_ESI9kZuXJNUod1EG1xYon6LyKGijHPPGU3h8x8Q6VHesDu.hRBYsSmOc1mwA9.IXbc7TUxSCQsyb0xqKPAJ1soEJJP46pyYdSPIwuOQmDo9BrdHbb0SrNiI.A0uE-,2025-11-13T01:23:19+00:00,351,59.02400000000,5,19,0.014245,0.054131,https://liketk.it/5xrIN
https://product-images-cdn.liketoknow.it/V76sE9DMuyRXy7HUyqaLbtBfG_HfhwTrpIzMfa5rKh.0.6.RgBcYoq9wPgHW_4ZoCamayGT0.wwJ9xxb49cLG51.6reLykKELlre.99xhryxJGhxUeBba87gVyGqqMm5r12xBW7fKfoPxKFMC4MGDJj6GegGTcKOylFecyPYq69ItvDqdHFXid_Q2Lc-,2025-09-22T12:32:23+00:00,14,56.91000000000,3,3,0.214285,0.214285,https://liketk.it/5oI0z
https://product-images-cdn.liketoknow.it/Roz3D8X.Yf6tDhtfchQFFXq_GvgbCQd8.3tOzLqIJK1YPO0LzhSoEA6n5zXZ0sPaxTe49y.Jyo9kSTBbCcfN88SkLtuyCCTK_0z1E9Gfd0hnmc9FRFjV8SEBm40cZ7BJ4H4AeWexSApHcPbQ6yOym5jiqPBtpeR5UDDiig1l2FLqEcmd.fv9Lnm3pUM-,2025-10-23T14:25:17+00:00,223,56.55300000000,3,14,0.013452,0.062780,https://liketk.it/5s3It
https://product-images-cdn.liketoknow.it/joH5ILeVYorgm3.Wr8GUSdNFGCXWEOGlzbuqmRkYXo.UD1odyp2q.mG5ig6je_XftXFIfeo4QuoZ1aL_RNegakpVeR9EUyFcrXzQ6t6RTqD7KYvsbDXOhoyLrDwST.NqF.a0q94QUiNUJR9zA97CSxzoKNLjGs7FskWODso2ULB1pKn_zxDRyCVW4Ls-,2025-10-23T12:45:40+00:00,231,54.90800000000,5,8,0.021645,0.034632,https://liketk.it/5s35C
https://product-images-cdn.liketoknow.it/.vXf16awP9HpzDQ2D_ypKyc_rxOPL7b7VBAuzSkvmNlzT_G_OcaNFmAz2nFORTBTaArCK3Md8p3KtDoBLr9hh7WpITmhxozBIxs9o6.PyvBlkt2KCdYQ3arK2P8.eHRVh8w656TC_pA53L2xnqQN_bs.lNpL4jndGja35avMf09Pa.mQt8UahO6TSp0-,2025-09-27T14:58:39+00:00,15,53.27000000000,2,7,0.133333,0.466666,https://liketk.it/5pgYW
https://product-images-cdn.liketoknow.it/Xn9JpDfGCsrzyIN2DLDVSl_y5WYW6MJ8xOE8oqZ_xauV2dzZWcFQaRiGRltIsyH1ra0PRDHKWyUJ6U8hdURGRDnKjxwWO5y6_NFffYs2SfGQvBdKhkXwjRBy6RXV9d4DoEzNOCcIIgWmUnm43XEZcMtJGd7awJR6y6prhI0eCZ48ykCaKdK3fgRCdvo-,2025-09-05T17:44:58+00:00,39,52.64000000000,3,9,0.076923,0.230769,https://liketk.it/5ngWD
https://product-images-cdn.liketoknow.it/ztdD_2zezjEfYaI3xrlgBqny_TngeCGT41eBCGadaUkCuryMSTKNli7.4aZwgN5pIyv_kYBGHW5Vk_IjiRdMYqYe4lz_mwEHWNzhZXF3aaSnh8g3O9ot8dMEmzgX1wH_J03y9w07xvMoZvkVhlCyh354wjcVKkdvksOb2nP9eFbSYx3F_AlU_xDh630-,2025-10-13T11:11:41+00:00,193,52.04500000000,7,10,0.036269,0.051813,https://liketk.it/5r1cq
https://product-images-cdn.liketoknow.it/RBi9FvXxjDigc0WfD5gFRAna94AS.3jS4vD8iRpDF52Gyi3BFE4nG1ZpEwGhyjdSFTNuO_WRtdvxa0WxCKB35jLW6GAMi5Hb.zzIgKRhzfkgVid8SG04p7TTuHUYObxlGYbfT0MfCUrNloZGvjTcX3rbDAWc8Fib6jOaMw6kOR1SHWlbMZKzc07A5ss-,2025-11-05T16:30:14+00:00,190,48.25100000000,5,5,0.026315,0.026315,https://liketk.it/5vb08
https://product-images-cdn.liketoknow.it/ngQVYIXp2X6F0W.d453ti9VsR2DDG0E35BCm5.NDtI7YlRSOYeiMTag.eSzBxArFoagO0nrRJW0coI8ME2WiHaBQW5sXPzHda5sBddpgP7HdF1.GxcgETfK0nN8nS26HRbRg0q26lzhT7TheOUox9N8iS.LlQVS7BdMzDFIejMbX_e610MYO.2yF_tw-,2025-10-06T10:20:37+00:00,38,47.18700000000,8,40,0.210526,1.052631,https://liketk.it/5qj2W
https://product-images-cdn.liketoknow.it/nUmlWCQSTs.ggnpQ344KMgEGGS2m9Oo_ThUoAXh._rsm0YfW5htZs8F1FTVw5YfHqC99emQTgFbIP_tZB58EMwMP_z.ms0WsuKNSyM0XlfEMCcHy.euhbIrTptalH0vNldkWydN.xYDMh.27aYbqiBcKtjdUbHAsPG9XuBoVt_RfX5zXua2_axxwwL0-,2025-10-01T16:55:44+00:00,539,46.18600000000,9,16,0.016697,0.029684,https://liketk.it/5pRVH
https://product-images-cdn.liketoknow.it/CCcfkwa3eybgH7HmdeH9h9fb3s_98JyfV7IAEhv1pf6kCVjnX5ZDLxNiA1Pff.NLGQ1I942LpIudbcJ5TLqF.wyn_il6hN27pc4HFHyDjJnZgfd42sD2CIjsaoY6PAGsCS1k_9ZJtgnArQmIi3x6DQRJpRYjvp8a_djuXoQZVluRiD3294q.bdx0L4w-,2025-10-13T17:17:51+00:00,405,45.22700000000,5,9,0.012345,0.022222,https://liketk.it/5r37K
https://product-images-cdn.liketoknow.it/nRn.buwR9GfDbzCEi0P4cpczluDUzVIHXZQCPhLe8312GqZnQzacR7Em61RIYcbTq.GcWlQLsfzeC_s4B_JSYEVS8EYmETv7F1JbRoEvLDoyldv7282jE531CZ5EgQudo7TQNjPfDf_suYAdh6FziIpLa2eAnjVATAoTI8njr6pp0UhKZcewzPWp6jU-,2025-09-30T14:03:08+00:00,598,39.67600000000,4,8,0.006688,0.013377,https://liketk.it/5pK9I
https://product-images-cdn.liketoknow.it/hHnPiJ_9iqBc28b_qEpR9yMffTrrhwYoWTZ3V6dtzAwIZEaKC3Rs1hqO9n7uGgq3urzzLEuyae36lMF9ykUdRvn9_Z02mzWb4ldsI669BEMKEEBnVmzoKdduwG7.qEwbyWSGWw1gka2yNHGNmH6Vod1KQEAhKjlRBGi4ppssi296MVSGOX5j1zZYfcs-,2025-10-10T19:39:04+00:00,479,39.19300000000,4,4,0.008350,0.008350,https://liketk.it/5qPct
https://product-images-cdn.liketoknow.it/SslpNDJV_fOEJWovS3DZJDYIXxiJzDK9awPcOL29ffbnRS2VqNDObXnEmyOO8WwwpKQAOd95bgproskwY6sggN7sjQSZQoxqZXgxMlYcBtDfLWYL3k_fXLvdJGMS3irk3Zz9Ix7GTU7errUoTMhY_oT0wvgfmhvgEswWiqgruHXIVQOomC9zEoDkhnk-,2025-10-20T19:51:57+00:00,253,38.36000000000,2,2,0.007905,0.007905,https://liketk.it/5rIOe
https://product-images-cdn.liketoknow.it/aUiyKNY3DqoYGjdQMF3lcpabmnFeuK5inewBFaFw3k5tWI.Jx4Pk.PWy9u91uyFcTNhhNfKDLHUk2.faIJ487UUkaV5BDPzh0q5L1uZKFfwOAhLicnfd6r2hF.y3sswPsz6sYHc0ghNwaqBRFdP5UGXUQD1NAJyO8h9O1nD_KoCg2LtweKPNjrBibnI-,2025-11-05T16:18:44+00:00,35,38.22000000000,2,2,0.057142,0.057142,https://liketk.it/5vaQ0
https://product-images-cdn.liketoknow.it/.k0hzkbL8ErAh4Zx.rCiZew4zMk5etBIr2DLduD1JogEuk.ds1aHHEBPLUgANS8VLXTm2xoIgXBrtr7sMl0bHnEE259CJot0mnikVqGa1f3ebur5NcaKshXkCMQdJPRTO4m5llZzXxg5s.l5ygbaq7ByjBbf_qU73fOkMFU8lBJnWwvqaskWjPihdCA-,2025-10-23T12:41:38+00:00,157,37.90500000000,3,12,0.019108,0.076433,https://liketk.it/5s34e
https://product-images-cdn.liketoknow.it/gcIIhX9t_cNO4uJAY_119hoeUl056QUUNe7lHVsVResadWC6Dhy_DOKuub1kHqdhFCflIigvRdIWSlff6O_ncTtmuCVKa1zEa6I6Jyj3l4IJ3rjFBh89vy5di0qhXjkkb05EjRQ2sSJL2tcZomsKlR9Pks8mFNL.n9qb_wIQ8LkmwFH0FA.n3Tp.JzE-,2024-08-21T15:54:13+00:00,1,37.17000000000,1,3,1.000000,3.000000,https://liketk.it/4Omr6
https://product-images-cdn.liketoknow.it/VpM_B0e6e7NplST99ue4mXoTptBCxk8A5BF6t0MF4FAts1i2YkYa9fv65oewrEul32Q0rVW49wADa5n4zTTUkuKAMtFtXvkUo.sbsWINBajJoaWmvm86tek4XXOAHlMZfNqkotYYzkFn8GOkW39YgotJkVgiGblcTWWUhKqyHqFsvmjykHwimique9Q-,2025-10-13T16:30:33+00:00,291,36.36500000000,5,8,0.017182,0.027491,https://liketk.it/5r2NI
https://product-images-cdn.liketoknow.it/bBDUGAQhgLY7YHYa8jJu.mTOVmiMAeQX6mVJfufYqM6d0b.kxuscJQkGE_oCMnL9vPoWk51FJ5vmm5f8gEq0rOWRq1il3VZiPzeI0hGwAKqtzI1s9YFpopNntnzp9VUzuG.kD9eixJHOJFMzx5NS5czABOzIZukmfeJSdcxb_hKPFtsvZ_Oz_zFaAdI-,2025-09-27T11:01:46+00:00,2,34.62200000000,1,5,0.500000,2.500000,https://liketk.it/5pg5X
https://product-images-cdn.liketoknow.it/kVtbx1iQPi7PQZJOHa.gqf1PHDmJC8nXf4dz36nPJtQrpmoE2ZBIwPvzQI9ezbt51CRAJcQ7KAB3HxY6Rifgtsepr1IV._gDykHE7GM..iS.zSK6UyeWxJ6jjM1xjH9FkTGA0aojNVR21eQTUQuMtJHuVyP727XYABJZ5OPc3M0WvdtRvxtvoGFp348-,2025-08-25T17:50:53+00:00,26,32.97000000000,3,3,0.115384,0.115384,https://liketk.it/5mgR6
https://product-images-cdn.liketoknow.it/vTG5fHJqRkqAhe4CQH7HVSp.gK318gHKl9z1dvu8LN5zx82bo4p7T.NRXaY1ofPtLQAR7kJfvuHKdCkluGvMLdq89kHq.hJuYMSaSpQ9ldtRBBDeqiZMRKxoi5toMXwWpxbdQpLhbXrpk2loGvQkhYXuUDnQc2mIq16K7oyLOpiYgrB8fodkdkPaJt4-,2025-09-22T16:55:22+00:00,4,31.08000000000,1,2,0.250000,0.500000,https://liketk.it/5oLkk
https://product-images-cdn.liketoknow.it/Llg1ixF6yA8zpY.EyRifjLHwHeCftysktanHk4_iG5_Gx9WvkrZN1qICqO03FXbRkMO_L2QIaFk9RmmmQ59k05B3L2rN.8mAvyAPTk0fFetTUh30bsEQFm6ljYVCpigRRt85_6LC5osYov1GQNf9VTTKYwz9wOMJu7.vOPH1b26iVHY8rcS2j6x7Jvg-,2025-11-13T01:32:59+00:00,200,31.00930000000,4,6,0.020000,0.030000,https://liketk.it/5xrU1
https://product-images-cdn.liketoknow.it/kaJwyEAYMohuSnKj7rMHkvy8hRp3yyuwpS9coc9oe_fCfvk6EfMqcYAAk_v2rGmZZdh5DHyixYob.7Unsb1fGtBUfJRN9swYZEEkiD515zhz.Aj71l_L.OLiB1Qy1eY.vtzwMBCPAb08rywW2eGrRTHdBx2sr8hsE58upQzcfG_9FQGNnBiBXtwKMSM-,2025-10-13T17:31:46+00:00,103,30.17000000000,3,8,0.029126,0.077669,https://liketk.it/5r3cT
https://product-images-cdn.liketoknow.it/rz214LvoDDYkowygbjbdlb0OC7mP5KIkoD6z9i5poMXp5kxgD9OC9e6UimAmmqaNkERi_xIhKRWT8i5Pmpk5xVU_vz88eU.krNSLDw9RS1Lrw7sOmsWj.atjEZfiPSwV2N4wAJKEvwLA9pop4mOrHlenKkD16qQqmJ8lwLuEwMuB_SpgO4aOC4h7l.w-,2025-10-14T17:48:15+00:00,113,29.12000000000,5,22,0.044247,0.194690,https://liketk.it/5r9LE
https://product-images-cdn.liketoknow.it/3Bh1G7InJCmpyzvst6BszBhda3YYwwVTSHjehvME3hrovePfb93FUTP_0XSUL7j3tGzhs7m18M106UmXquY7cAANdmHT9S5MWl_nSdnLK89vqJC2vl8cxWCsCyE4SuOWr_gFpz4ObRIMnlM08WSwgkbH5hn04T0FgMWXcMW.ltYVGQHYB.fTIvKFYBg-,2025-09-07T17:20:49+00:00,7,28.88200000000,1,8,0.142857,1.142857,https://liketk.it/5nqze
https://product-images-cdn.liketoknow.it/Lm3BNowSFSQ2269YszAUAfDGH70niHtFAztcD7YUniAhW9legBGkK5SfS_6C43bKh9zp.eYe1qMsr2i_4WSZ5Z7haUFfsh23CNV915icS1_G.fB36RJJyg030W8tAbtiLk8WvzaO8v66EE5_VKOyKu3f4uPzBBsRciHbPa6tOivimpOxbb34gpFz6AI-,2025-10-13T17:15:34+00:00,11,26.93600000000,2,4,0.181818,0.363636,https://liketk.it/5r36H
https://product-images-cdn.liketoknow.it/jAtFVOMVt3vBu5TwlztWbMz5RLKhQ0NrO5YIxJzCWxs3.RzO6eW6ADaO5EkApwJUdMqQDwgal.8dkJS44ZNpBfgouQkSCfqhwPgiuxiscy.gkDLVrMGRhfh1MVgUPgkRGfAv3HMG9q0RCf5b80G0Gm3.WfgzQsh1RMsOpBeOfqF7sHDnBXLA4kHIuWI-,2025-09-02T17:38:02+00:00,3,26.88000000000,1,1,0.333333,0.333333,https://liketk.it/5mYT8
https://product-images-cdn.liketoknow.it/lsME8j80Itx1W1586kQotEwcLxg0WcnoazMolm.yCU8I61H8ClKViNCZ4oVup.020ULKN4z3QnqpGdOkORqmgJ9skkgNy329U3RJv1DgsduNMHmSewuKOH.V0kTwr.2_4mHc_2AANmZ0LFarMbAn7cvY6hMSj0xRbOH3LnebAEirI8LhRubsy.okKgA-,2025-11-21T16:23:04+00:00,162,25.82720000000,2,2,0.012345,0.012345,https://liketk.it/5A1hU
https://product-images-cdn.liketoknow.it/Z6m_rfE.xKFahVG03d7Mtdv_sKQ8O9biTqNSt00vpfJ5RRL2whNVX4Zo7NODbOGu61DER.qyhp1iHuF_NdpIHlzzbTZGJzQXQxi07_pNmEu9WVQ8LqxSXb5i7IUjZeka_Qb4RihCsRlDHH9m.ReCbarhpefyqoFTyU4TkRB4NQ2f_PXuenUuLe5chZA-,2025-11-05T16:14:50+00:00,85,24.04500000000,2,3,0.023529,0.035294,https://liketk.it/5vaLS
https://product-images-cdn.liketoknow.it/O0mk.U7DPPmiWfizjh9dsoDIw4.pVBAVv6BQWvnM111Ilrt5rHLwN9BrF5heQygSZoWsjhhj7bBFWSS8G715sw2vGw0DyseRVQq0e4Iz8siYKu7AEmQ.MfSK0E9LsxsRtxRgEhLPmMNkxBqYTuO.7jPP.T_9gYxf0vEdhfLleVgn2u0JojOPzJp1lKA-,2025-08-02T22:01:23+00:00,2,22.82000000000,1,3,0.500000,1.500000,https://liketk.it/5kpsy
https://product-images-cdn.liketoknow.it/ujYMrRuWS1Oax3Vosu9UHviYsGievGA1AxdjXOai.u_zJ.YqeVnONy7FfgPk1QwTcH6K8M88v2TsucyO_YYaEpGHPXlWnJFaf6Ia9iZz_kSE6eOo.Hr1pGV4CL6S9gOo.TYk_MLYs6o964ZNub8QpIs93D1no66cJ5LumY_jyFdvoRTTZYfmG.2AknE-,2025-10-13T11:11:01+00:00,229,22.29500000000,6,10,0.026200,0.043668,https://liketk.it/5r1dT
https://product-images-cdn.liketoknow.it/GccXDXOhys9nWZCHNI9zfFMXK8Tz7Y9gFuMR6dgSBPoOR8TEodl5PzSJPu5rO1UOcQVbliq9Mm98gNR2waPeUUEkcXIylpaJVibXP6uIrD4dfblTljsuIDfhx.oncmBRolJGSirtYi2mJVJ4wKEP9dwRAwGmuI8vsaBy.miUVjMmFCFaQGc1Xj3bGic-,2025-10-18T19:53:14+00:00,177,21.88900000000,2,5,0.011299,0.028248,https://liketk.it/5ryvz
,,176,21.76300000000,5,8,0.028409,0.045454,
https://product-images-cdn.liketoknow.it/Fn6nWFV6DSoXoKl8lYbPJgOfzAhxoGvhLBvuyfd7xUFmY95fyH4_nQtzckgwRVL2EAMDRSSFgWm6ymXmfVnFV_6azryBRb_4ZDIesT2D5gpniFVwGCSQ9gy8Bp49jQaXqfXJHumzVd4rJn1aF3PGyYArGRcJuZtyrfO7EeOUm8MtPJZAbvr_bebddts-,2025-11-05T23:37:12+00:00,272,21.00000000000,5,5,0.018382,0.018382,https://liketk.it/5vhRm
https://product-images-cdn.liketoknow.it/VaT.l3kgCxrK.f6uf8I9blqyJ7AVN1Z1cgdOoVkFbCTxS3.ps7_UyQCw8riv364fL4UCyr9F1wHk.KDEjlH_56fGelGLy1hbMD6cULoVz7O.z8fSqQPVKku4k9otVajLz7oUaXSbmyKip1gKcO3APAIhKtjutbc34kCWV7ZwZHF0xYyhWDPqqpRMuAk-,2025-05-03T19:01:40+00:00,18,20.65000000000,1,3,0.055555,0.166666,https://liketk.it/5cLyT
https://product-images-cdn.liketoknow.it/0hotuKPv7C6WN7ra1tu4x36ZtVBeYpXDRnzMJnPBqN2JwRYCccHptQWjEvDzzpFQ_H9i_eK0MUbtEoJse9D4SCZOfTctZEcbQxwOjN.mpqT2oxxMjQNnf4nKQgZ68HqKvaYDq4vZjiWkKwwGu3iGGG4XVRha0SAmqzADKVNn2qdHrsWyFu3fOKJ0PI0-,2025-09-28T22:09:18+00:00,318,20.59400000000,6,8,0.018867,0.025157,https://liketk.it/5pnOi
https://product-images-cdn.liketoknow.it/ZnpoRfrcoR8AzJLc..wedhZKmJz8vEg8cjvvCabMFgXMQkGw723gFRx6SgI91K1vRtwK3xL99oQlt5zlLcaturlgilgt1aSrsVpJl0isgKMrcAjq_vB1tiHAGW9VrdbPN_Qdo2ejBXe0Ysfptp64ryV6Ictu4A4pYc.lOQTX12gj1K1kIaBKwb_7L8U-,2025-09-22T12:34:17+00:00,15,20.37000000000,1,1,0.066666,0.066666,https://liketk.it/5oI0K
https://product-images-cdn.liketoknow.it/7LUyR5XDMcQIWmUVXrcKWs3JgnhH3i_tEwyHgrR8vqUSt_uLsPG4Nor9joQ_EVkWSpMq3Imf8Sv3j3wQ2vBQuPV0W1PmdYDO1skEygvPaCkGPwMgsI4kpv.hTu2zsewpygBbI93taPd64ZcAQLtY2ouvQfXW1OGHGlDgcX4lTjAImWxk_U.dFdtn2DE-,2025-08-26T16:17:50+00:00,4,19.15200000000,1,5,0.250000,1.250000,https://liketk.it/5mkME
https://product-images-cdn.liketoknow.it/1ETQLHVTsXRc4Jq6_tK1NjTs_7.kvJmJZ9sfMp.s9odM6Xws..DmwBJPPfwhfT.F9RwD1GvjBcU0aYVdS8omNagPTleKNvdUMyhW.0q9bUlFIRzodUI33xaHlkN4YBJgYED3.kuOrG6am3CMdpVdr9jW0WZgObo3Wtib1MBX7lmOpeSlbEaXZb20ets-,2025-09-12T10:57:33+00:00,17,18.48000000000,1,7,0.058823,0.411764,https://liketk.it/5nRj7
https://product-images-cdn.liketoknow.it/V2u343EZG3yMWVffUT81XOi2vmf_93uCo_ScIlT7OrGr3vcWUhOG8T679DgglE1Py12JVczFDLWHUuck42yrmU6hozJDZ_e7kZIjxNjDwaEB5UU31SEtOvkI1xTIG6GFUqdAazuzPTtqWNHQvlHsk936xO.sqiN1mE2GlnG50sBGKco8y3jMTeXfoGk-,2025-09-23T15:52:14+00:00,59,18.02500000000,5,25,0.084745,0.423728,https://liketk.it/5oRud
https://product-images-cdn.liketoknow.it/W2jvz0b2wC.Jg3.OhJShKyggEmkzg10r9uQ7Xj5kllJQ2dpqtnlhmCwfy6fv._tb0YPwViMV6rnlRIfggAUbZpQsHdjQBwF1_T5XWw6wCUGPXMqkrNXp9VpHAqcDPVG.BO_4AFjuJ3anE4U6BXS6jlPZk8y29ugj14Z0Mq8yhec9_VVRzittxM92WRs-,2025-09-05T20:38:15+00:00,2,17.95500000000,1,2,0.500000,1.000000,https://liketk.it/5ni81
https://product-images-cdn.liketoknow.it/cdgrnAJpOVYZbWQfuORsWmXtUiDdCEEmbEoMAtnVUxU4Fa_nDr8I5fJyRo9MxkKaevlUMOuLNLKNgBVoYsyoJD0mz9yvmBp_6eAzbqUpKPdjJY7SnlbTHPuhSoSfjoWU20b7lpycnHl8S9EZo0eoWSUuxeyyXTd.u16lnhOPXpzi5yO_h1PN8k0eLPU-,2025-11-09T13:37:47+00:00,167,17.19800000000,3,4,0.017964,0.023952,https://liketk.it/5whYz
https://product-images-cdn.liketoknow.it/5jDIEpX3sqQApEjP2zOJD1mCjbFdv5Tsr8oz2772jeMQR7l2saIXYLawrKHGuDZw8Xe76LB8Wctz3_4EpGL1gd_.q4KAu04zjeDCh1i55bQZcUdVTrHyZSBdW3IpXfgGZ.DoONjZqgDkDZMuj58ox5uVGdFk.rbtoIMqouanv8te67QtL2j8j_5_64A-,2025-11-16T16:45:20+00:00,5,16.80000000000,1,1,0.200000,0.200000,https://liketk.it/5yuDd
https://product-images-cdn.liketoknow.it/433O0jy_t3U3GDIMR6EvNBUTgjlrJ2ayL3uHmRDyODfXgm0PJLTocr5ugg4xrxz1Ppd3dR1ci6U8CHZb1AvLCzjH3_HVp1NXbbTSAcEZvBDwwuimPL0mVCku8aasHgUTjxJZkZrAoiE5I_eQ8XKQ6ol5JDANy1gEA8NiOua4Sv_d.AtlYUtCFchwDgI-,2025-08-21T15:49:00+00:00,33,16.33800000000,2,3,0.060606,0.090909,https://liketk.it/5lWsj
https://product-images-cdn.liketoknow.it/0uF.tJX27VuWaqiZfCgPY6peWcNuWvpCqXdjhoH6cKv5h_xn5XU6U3iTchWBWDwQGXROj2d.ZY3ztGgkhBGUuGu4TkiOrC6aW9jzBeCyjlFWQbFO54GG9yyq7VDMyvxM69nm0W.trtTkVKpy8oRvuVtZsUEDHYDc6um.D2EKdxg1Sz1tY2QPfkIMQoI-,2025-10-23T11:37:05+00:00,71,14.70000000000,1,2,0.014084,0.028169,https://liketk.it/5s2Og
https://product-images-cdn.liketoknow.it/V0BGSmrNcSpPcRCyr5GH1L_z3JEeWv.ia7AJ53GVZnpotwbUlQkjOncO71IH4MPb5uZQmjX8fwDrZhdgrdqjqUS3B7pSL.6myMjIK2K0vTcSXOY8hm0isqhOKlDlzPOaGdfxqqMO8rJKKY9.Sf5aZyaPDh44UAl7xQaoxACOFvGfZ.Mj2qroQXuuhsM-,2025-08-06T11:34:44+00:00,2,14.35700000000,1,3,0.500000,1.500000,https://liketk.it/5kEzs
https://product-images-cdn.liketoknow.it/qFTHnJZdfmidrfRG5LQTRU3cmV0ehirCYa4pAXw1S9prPskpcWG4mQk1DyqRIplW1QVe0sUpQcjsUzzOOzGmLagNdcs2QI8OA6x_qljpQ8mIZcGb4sAHLenGr8sOG2psgVRPznOuNGzg._LM0ZVQroK8j6ZuY3gHjm.Fr3K1wbZ4EVWRsSs80D3GoHE-,2025-09-22T12:34:46+00:00,1,14.07000000000,1,1,1.000000,1.000000,https://liketk.it/5oI0x
https://product-images-cdn.liketoknow.it/k9B1r0JKIsD7kuOdrysQGlrsibXVAXISDTPT3OP5IDtb1lVM0cr4huOt4XI38iFD_7HdqqRoik_44ksuS_qKI.ETxDU_86ZTN2wGl6OLiepSIhnMp7fO1fSOZp8HAFNyiWE9iSdkHIi0BLwoc79TB9IPxWhrjot1eibMbfPENd58IvCYcTTk0YhGBsk-,2025-10-21T15:54:21+00:00,161,13.63600000000,2,5,0.012422,0.031055,https://liketk.it/5rPot
https://product-images-cdn.liketoknow.it/1PR7kckKXCuQaylqv5G4cIOm17dqs52Xx1rYPNC_rUTFHHqzVB1toNr4K.B429T66cF9wqwPtK_o4wkjTKtGlQpRhusqBNrW0hJ9qR2yCS_MMbulDGOIvWG3YO_wIVidiwVz81JUimlWU0O2pEp0Q4IBDTW1DiDF5sd3VxKpPMZSvtzb99T5bj7b_EI-,2025-08-26T15:53:31+00:00,31,12.71900000000,2,6,0.064516,0.193548,https://liketk.it/5meWZ
https://product-images-cdn.liketoknow.it/ecD6aeJdtz9lwq0ySkw_IpwTjujoyOJF_C35VGoZbQ68rPreVsC7tj0Vw0Xx4CyIXWv_dDLo5cbAOQCfn0KZGRz43UQSN7.6tIlkTsec09pYLifvA2akQxeQPSsfm45Eundo7MzLdsg8ait4xle2CPHN.egb_iNdy6dg5a8m7uXPrBSD1y5etywZjYo-,2025-09-12T20:52:39+00:00,12,12.60000000000,1,1,0.083333,0.083333,https://liketk.it/5nUAC
https://product-images-cdn.liketoknow.it/ZQ0jo3BcqVMSjLxEoOtit59Yvp8h1WG1K6guXRQ9urwJsB7ekjSEUfYSSOM8qwmUERrfh6ZREmrL28_U5WnBF1Sjcy3ch4tMaV65ld97XZH7dUVJy0E5XxtlwTfNVvjhaB2_S38RLBLlCa8kw.rmPUazNO_SoMqapcHoFqYXiEBmL5fC2hlwu0VDZ3c-,2025-08-26T15:52:33+00:00,16,12.43200000000,1,4,0.062500,0.250000,https://liketk.it/5meWV
https://product-images-cdn.liketoknow.it/QCEYRu97Epcjb2818PJKVtIyePkvwMjY9WG2NxWohAw3sx0Y1dx5GNrsa1Pux.90UorxErLn1r3xat3HPzCWqZSP4uvhI5SAIVadsnVfW1s3qYwA9h9blDUv5OfM4IV6T34cxN5KPqP3CQGi4F1QiudUowacDSdzKl5fFr43rhv.0lDy1FE24ur4DBQ-,2025-10-20T17:15:56+00:00,262,12.39000000000,1,1,0.003816,0.003816,https://liketk.it/5rIgf
https://product-images-cdn.liketoknow.it/82oJKTYeiuNS90wxqiZlshAso1qAo.dSoPTe.nCHMvJApDqdXsobsdDv.LyXD4XJLaKCxe6pgzXipPCYyvf8u9sfZgjCLPCn9EbLelddt8_m1HKSUBSzOuaqnlnjORw7GIB2DG5mjh9z3vyij2hkO7UlemdyCjhtvNyKo0qrr9zVniYutiztIOQMQJM-,2025-08-29T15:38:26+00:00,,12.18000000000,1,1,,,https://liketk.it/5mEgs
https://product-images-cdn.liketoknow.it/F44cqR4SMAEJOitXBp02S.x6LL19Wrsr9E2000XIh9H590szmw0xHyJFKeN__KK45q3ddCj7i7FRd3Ddet6gNUqAos9VR1ZZgyc3_MjYuATrwu0jRlRSVY_RQzvw_576DEbVbWz_tqxH1KTrJhDsBOSi6Wg1gMPi9m6201HQ16SV0DlDaNVHLHK7TeQ-,2025-05-31T13:00:18+00:00,6,11.55000000000,1,1,0.166666,0.166666,https://liketk.it/5f1Y5
https://product-images-cdn.liketoknow.it/o3cwWJls21xVRVz_GDbv2mdEj8MDfpkeFTAhG5ZWJ.RaHAlTPJkFzTmS3A15469ZzCmzgZfvJvYi2QiC_TrWtR4Lnat1eHHGePVKBi9DclaZSHnsU6Pdam7_efDRaB_Azqe24zCNhsPXbU4jdbypEJv.Blnsgvanxl8M6zMdIr2xuywroU5jCR7hkzQ-,2025-10-27T20:48:12+00:00,26,11.13700000000,3,28,0.115384,1.076923,https://liketk.it/5sVWy
https://product-images-cdn.liketoknow.it/jtPPbvUbOdNvKNUsZB4pzSs2R0fBY2zKpJVXsUMQuA9SqJiuW3B04fIxnIJ_2q.ri5jQgftq6VL9dKGOm255YL.dh4vSDHn.066KvC1rntZFR7cjoHHPSCLFj4BZ.xWMvx26ym1O8y3dNgwqsHhgp2PZK3h22ol93_OgrPKqQScW1oyMzivOXxi6PsQ-,2025-10-13T11:10:15+00:00,175,10.97880000000,2,4,0.011428,0.022857,https://liketk.it/5r1fP
https://product-images-cdn.liketoknow.it/4Jcno2NMgxuhQek5zUl9F5aQcRAzHN0Ra.PVtKZ_OD7OWSwHKb8eid9M9nyrg6b..2rKQgbu4UKBljyi1PUxrPgxpf2Jacgwpp45eSBcsFG_mTjqnEwwTflXT8RkKrVE0qgM5N5Y357iS9poBFgFkuPtuwOKJFriBZh27og_QZ1wxj8fzB9M5tGi5jQ-,2025-09-15T17:57:10+00:00,,10.90600000000,1,3,,,https://liketk.it/5o7RX
https://product-images-cdn.liketoknow.it/K9iYLtOvtDIHe9C_8kde3IWvqtZ4FY3rB4RSL0.64yO4dAxKqDnQGU6Etdft3OLlmlv5yJy0rjTS5vdi8h9im1uu6r6vAdC02fJG605yF4N5fMT_plOcMk.cI4D5F_A4BZZY31992MWwtV.hcZD.u3LdFqBGUNnQKXrtPz1J1V2DQOOR4FyBMDOgWuM-,2025-09-26T18:05:10+00:00,4,10.45800000000,1,2,0.250000,0.500000,https://liketk.it/5pbi0
https://product-images-cdn.liketoknow.it/OpPFPhdSEFH4b693kMlSkpk99S1I1JwIunxvuDokPx7b9NUx2Y0jPC8mqIX12VyhYTSLG8mLGVhfnjF_kWoJtgfpvbZYjkwbeYxjQzP8VTJayLlUeTtDMSiYj7gFbu.NBc9YO3QpZs_BjgUioZQARClqHvLhMHb4s2..l.rCoJlcqMHpOakefLHrYMU-,2025-10-20T17:07:18+00:00,497,9.87000000000,1,1,0.002012,0.002012,https://liketk.it/5rI9k
https://product-images-cdn.liketoknow.it/e4msqGb.l5DUJY1mxZ1ng5sK2YmULQsoJwgStCX0G77bNOZ5wg7gMjHEz.ollsN8.3bRvvLpShWjoBNnGQUKrUNR2rMdcu4IvIcgPokJEi4lcBlqb8SlVd29VQZ6U5uEBHrIK_IbOhs2VMEzXh2UNQjZnlcVmESlPbd7IRcXLHkCg7JsPCE5DWPyE2A-,2025-10-28T19:41:37+00:00,37,9.60400000000,1,1,0.027027,0.027027,https://liketk.it/5tby6
https://product-images-cdn.liketoknow.it/z0r5vk8h.0zfGXpL20qz.qjbBSRsRYZET1Zp89a98vGSdEIZFW2GY8VA5kLG5Pd3YTRj5nbsqYMChLGdLmbDxbU.TCsKayed8XUC.VZx6LMrglgufVc7E7Bjk.QZ.wP6j2at9U67CU6XA2qdCXlKK53PpirOw9j8LiGPqR_n9raRso0fFYU5CR1OWf8-,2024-02-06T20:40:18+00:00,3,8.66600000000,1,1,0.333333,0.333333,https://liketk.it/4vTDJ
https://product-images-cdn.liketoknow.it/RBbZwC2jAkvbqgbje7pHGI4xV89iiLeQQZghGM3W3Z3YLgdSVJWmdvTPp9jU_Z5ePCKgRIStB.7i0jHzt.x5WCBcm_3vgzO8zg0S.yRSHQn.D.xJyR2D7fRTcZLQ0WH8Yh4s9dW.l.YeqLP_f1lIqIxGUum6GjK_VSYkvAvcBFRMtcNTAtISuBcQ7rg-,2025-06-25T17:19:46+00:00,39,8.40000000000,1,1,0.025641,0.025641,https://liketk.it/5h8bS
https://product-images-cdn.liketoknow.it/plfUf98Sg_BO6caXLPAYEHV6WSbc0KzipuczgJbhyCsIUyrE20EG9iYjXy_.1VTY5dX1JQGgWm.h4IHdXee83dozOaT1t4gzgNuscFIsQphvsmmHgbdWowGk4os45Pl2AnnMisx10On1.eICDZfTrTK0lcIS5xBFvjpT551A7E_3B6WNP1dH9RuelTk-,2025-05-22T18:43:20+00:00,,8.40000000000,1,1,,,https://liketk.it/5ekDO
https://product-images-cdn.liketoknow.it/GBchZntMQVCzGdyvYre3xQbIK8crvcpjyagcIaDDemxDLqTx7jaxY7PbynV4aQhgYa1vHDsYQ32LaZerOKca.9.sOfUoqUwyuhPXmNm39XEAeOZA6cyONF8AiimIMHU3.3AVx5Cpe3rG6apM1vgWyRjlHKorKepf_V_XyafBkrZW0t68JeS0VeJE38E-,2025-09-26T18:03:00+00:00,4,7.98000000000,1,3,0.250000,0.750000,https://liketk.it/5pbhK
https://product-images-cdn.liketoknow.it/1xbFm1fKx41qQm4dlLab91z_k8JURWen63fPtzNH1OQHTQ.WiVRt3XhM1dI6QGNwNtdJeebVuF6NH2UW1PC8B5XPp9ZkMsBs2XBO_cPRcEP2CV8HMu8kXqR8HQoOq69rPh_okeyrZM1PctukYxYgyWQc1gEIEhJVL5NasElVn4SWJwgEIrZMRANw5NM-,2025-10-15T18:15:06+00:00,187,7.70000000000,1,2,0.005347,0.010695,https://liketk.it/5rgsD
https://product-images-cdn.liketoknow.it/QxSocX6nWEQPfRlZUmOOm9zzT2YKw_egiMqAq..lkstiKa9SywpUKlmyxO6RQRP54ylB77HKOPW_CJBs0oDelgSc2r704ozVYHo0xy3c5DWhkBX_Il7oNJXuwJwaytGBOpDPGfPBJVedqx.J0tUB3Ax23PMSHlefXi_D_3JY.P4nASUIMI5tFBK66mY-,2025-10-02T20:49:12+00:00,13,7.56000000000,1,1,0.076923,0.076923,https://liketk.it/5q0eP
https://product-images-cdn.liketoknow.it/mXi0C.Kiw6QOcgYzNxw6jhgHEyhvdGzs0HICmEqeckqMEgtTmW6HYJMU8AYTw6AELnUJogGPMAm5VCciE_IoV5bLMetHuYmxBMxr3KfCLMKuDzOYsUsK3nIbT2d2xekdOB6GSSHRt7CZLX_9qX9JzCEXz35fmhNMI6himavsHRhrvPdnzCoXgwtkMMQ-,2025-09-17T16:06:49+00:00,18,7.35000000000,1,1,0.055555,0.055555,https://liketk.it/5ojUK
https://product-images-cdn.liketoknow.it/TgN4ORT0h4TiBZb0Z.cjzClk2jO8VjqUuLc4r74Ht6fOT3k1kO6VWcwVxSY2DzLliXmOH2hV_CdpI3fcW9emKJ.969aAPZt7kW1fylJMx7O.NHEL1Ml8Q1INmcnAmu9grGSuz8p.O.pWjQ8.JmAtin6Qt2sM1yuzEHg85QlAeAubp8EvMMkhm9kvMKE-,2025-04-02T17:03:34+00:00,5,7.26600000000,2,3,0.400000,0.600000,https://liketk.it/5a6pj
https://product-images-cdn.liketoknow.it/peDbvO2XBnO6oeHnmMjSBZrFcZLYwsERoQ27ZzTT5K8_0ySf0UjifgTrF3UVYTofMpjDnoS1ymR2YTtSuBwuOlQsB.1cjqlf1.C0fRvUzkXDIv4fkJOZE8wGKfK8tsHMeP6OEEEwVoJXGkCwUuWc86lL99t9rGUhw5zPcoJi6FYxMYxQhvYvJq9Jc4I-,2025-03-04T17:10:32+00:00,4,7.20300000000,1,1,0.250000,0.250000,https://liketk.it/57oqC
https://product-images-cdn.liketoknow.it/OAFg12ZXyEfIpblOa5XUxhjb1Eu9cezGl3.yqPTfclmwFSKIHmxvLnt8DycfjUse70SGa83UXN0snUT_MOlQLGCDf2wp9AldsUyVEuBZESwxi39wroyJkZi9Gxsz_1SksAyTcZwlutXyiqAk1kVY7W0L8Jz4G4ysGPCihH6TXc0VsetoL8_TQNVJCG8-,2025-11-18T17:05:09+00:00,2,7.05600000000,1,9,0.500000,4.500000,https://liketk.it/5z7Gb
https://product-images-cdn.liketoknow.it/4FghLAvaPlYetFa1T6NdSfdXxKXB1m7OyLR3T4LXQy6uddkZeO4T0P9xBLyneZvDuRWbU8ZbOCFO4.RjzqJb0lKb2SbjSIFvYxJWJmMrCKcIZV5P8IQddyqsluTjvlibFnJRhPtdGC_c2Tau5cWx6OQdB7WeFwXggQyh4joatSRBZDllZoVBYXCy.NQ-,2025-10-07T12:23:17+00:00,17,6.82500000000,8,127,0.470588,7.470588,https://liketk.it/5qqJq
https://product-images-cdn.liketoknow.it/9s0JxVa3g8UkJQ7rI6ZLdOz5VplW9qwD9THLZ_nh0x5t2YAAJ0wkmlUqk.39VAqi1N355z76daCkTQJpcnA8RS_S.xRgdfkdkPk.z_lh8Nvdb8A6inMTfF7czHqyuoPqpXAPxsEyarp2QBvWHln2oWQJe5v01Y6oKpYRETNGlNVNQSU_eM6082U3bxk-,2025-11-09T00:48:32+00:00,20,6.44700000000,1,2,0.050000,0.100000,https://liketk.it/5waAc
https://product-images-cdn.liketoknow.it/Co.rPT7BfY7Mf8Cvy4Om8g5Co5e3pHv_4nGchOr4eeluqxf51hxh6bbojhdyeBvuFcEh1P5j2unQf86uqJpJDPSrs3R43kxIw5jgDcHiWtPel7KIGjFiRhmH3ofWSaQ5R9A.z8Vqk7Kxvbk2HbNiREiN6nUKG4G4lc7N8ttHYCHbPyEOvTY12npVdB4-,2025-08-03T18:11:43+00:00,2,6.04100000000,1,5,0.500000,2.500000,https://liketk.it/5ksDi
https://product-images-cdn.liketoknow.it/miWa3i5akshKLQT06tkXKvBMqz0RW8XV_LEvKaPcP2dZs4tvpQTC7g6f6MGf.Ge6JXQwtjiRdW0uvUM.Pk4K1s9lHDbbAcS2yUvFDEOPX_FZpJOtVs5EzBHgKnF74MEUU4hDPPhIP84NTpw4feZCmV0cddWEbrQwlOu7InkjJnYrXV0XwbXU8FQZZBc-,2025-11-01T10:57:00+00:00,47,5.60000000000,1,1,0.021276,0.021276,https://liketk.it/5u1I2
https://product-images-cdn.liketoknow.it/1bs0ThyZNG1zOcj3S3BZZ0mYS9dkP97bhrqhbw0lEYSZR_FVLdaAi.P9fSyv_qnXRQL1wBDTYmPs5n20la5ASz7ZJBylFo4CchocOh_3QlCZi_xMQs7u8Ky3sHIEkplYpIJRNXvOy9_gL35N585R2uf9xPLalQLTxVuC7LQpfqo0fDdJ.Phmlp.3Efk-,2025-11-12T16:58:31+00:00,54,5.60000000000,1,1,0.018518,0.018518,https://liketk.it/5xj8v
https://product-images-cdn.liketoknow.it/ZILhGSvazH_dkMqltkAsv2b2huzkjDtZlJ9oLgN33IXCulrnQQq7Akf8ZKt7BGUPAkYs_LLjGKRARb2eCEIEjNYXbnNC43E0_BW9lOB6a6Dq__Fg0KnJ75RZceEfcRr0FSYZJ2yAZ2kDbOodc35BD1sachIVGM6C.n5BGWs_CTfqv4bDWxgqaSAm1sA-,2025-09-29T14:47:10+00:00,91,5.46000000000,1,3,0.010989,0.032967,https://liketk.it/5pqXL
https://product-images-cdn.liketoknow.it/ZX6hqrbTE5JPVjCaqfFUmQDGGbZs7HYlgdcv8Bo1xBDjsC.Fdrt5g7J9ZziUXfQKItkac8dRTP7TT4HKUbNl3s_uM_QgHgJf.tI.aje2O0XcRQeOerhrw5TuqONzhLRNbgNr_PHr5tr3b9sB8eRz5wSxqIJHuiyPjYGrnvX6hP1tdNtFLnSXRoHDPY8-,2025-08-26T16:13:36+00:00,17,4.92800000000,1,1,0.058823,0.058823,https://liketk.it/5meWX
https://product-images-cdn.liketoknow.it/LGSKHrCdDKaXpyqeKaUM9ZC1ikBezQ4M8LwHRn.9qLOrnpK5C6XIvN.BSkIOqKGszWllO_LYkoajWYkEc84du40CJSXLC1WHVKrrc0sMmN.paMv3RM3__A31VGDXeMWRjUQrzF0Bho0Eylp1gBqmT1ZBvYbDm3pPPj0Fl0FlKmbypPK9dxFYWf5NnN4-,2025-11-01T19:07:30+00:00,66,4.90000000000,1,1,0.015151,0.015151,https://liketk.it/5u7cQ
https://product-images-cdn.liketoknow.it/t2T5YSwroMFCr1PHhFxo4Bo9cXW7fLF13O9WYwyKS5bYTLCFxQ3dsNGV8kgFeX5SHMb4ikKqqyrKoUwz0NrcV.8kJ5hdu9lSdXuNOszmYa3VO6j7wCb2gSFQdyIKhQ4PRsJXQCXVnepN2dI8BZUlCCOOJETRpusuOxYouwmYcqK6nY743Mn.JlH1Tq8-,2025-08-06T11:36:32+00:00,15,4.90000000000,1,4,0.066666,0.266666,https://liketk.it/5kGh1
https://product-images-cdn.liketoknow.it/IrdaNOWWg7kio8FN6B5Hw4umperb_vJeXt5VdkTkJ7Bimx4QcqlLtKx0WOEJHHj4BRv6jZrsBrMKSj5S9eBbkE4moyhdlPfeSWZLyWqkFJO1rzVYi19bhGTklCyl8VakwUaG.5RqOi1AY66XzRRpizmpHMKSeuDdZLr3dE7zLhoq9f2LvkTnEnpxKXg-,2025-09-23T20:00:26+00:00,12,4.79500000000,2,3,0.166666,0.250000,https://liketk.it/5oLWS
https://product-images-cdn.liketoknow.it/GfE.wqG1LD6.ozGsBLvvhue7EmttDeiqdTL4Z_Yu_B_Ja5ahjFpHolBybmxt_ZuR_Q8GDrRm9ogUfak0BaSezbKQll4q.A6LtfcovDZfW2Bx7A7RI4klGJh8O3n__5aarlYzC5v3Uxi9IX4mYrRsNHCS1CjFYONJp8s4vICyCVOVs0f.3k4hX8UV_Gw-,2025-09-09T19:41:53+00:00,34,4.57170216300,1,1,0.029411,0.029411,https://liketk.it/5nDun
https://product-images-cdn.liketoknow.it/MAJbce2OI_.AfFAuwe541VWpCOy_eY8a6YwDc1HpNlabTedR_Q4uxS9jBDaj.ygz6aXGq94E039JVc0YVayaMpA3KvE6O1.asXMlirnno7RtJvYDQQiuo_SCDUE1q5nAy3Brn5O4.oKq2zAuBN5iLfdrw2rrcvsdXoA1SSUVkuIlVsHUpzRFqc1F1ec-,2025-09-22T19:02:07+00:00,18,4.55000000000,1,1,0.055555,0.055555,https://liketk.it/5oMkX
https://product-images-cdn.liketoknow.it/fbwm0nzVvmlQdYII7ZIghj_RhBIk7Z7Cv8JgKmuzjXBgiCDFl5YmBRI20DmsaV9Z_r4zlBrHe7EzdAWXizWatbWfz49TSBajRfBSMHkaRBnvcH9y16Dobrx8z4YyOxWtUJ85HCze6A2z1h_3OCepnPXWEx9TaO8QrQET5.ScSmNF03jKVAOv5rePwZU-,2025-08-25T17:04:28+00:00,22,4.09500000000,1,1,0.045454,0.045454,https://liketk.it/5mgxO
https://product-images-cdn.liketoknow.it/KD3w_bT6ayBDr.FG419.nhwrxPonW3uHPK3z6jYhouQVStfqVrFuChLSTAmNVTbkP5Zikh.u8uqMFJpr02k7USwfrHI3sOVqW2Ge1rUqUgh0_dQrjvaDjCMmtPz.T5oxdzlPssjP2UFyKNFifJQV94Ff_8OMHmlABraJJJFKKLzJ_C6FpmyYlhsAP1k-,2025-09-11T19:51:12+00:00,1,3.40900000000,2,30,2.000000,30.000000,https://liketk.it/5nOPT
https://product-images-cdn.liketoknow.it/E10kPOdZTedbvLhxpDwOAH0NVFDxpKVcGpO4bF.aGiz05E42iNFTVjbMmw7R7wWHenB3cH.YarUXzX_cXcUK5.jh0FqEFXiVUTrR2Cx_89uRanyOZoa5oFOpBHWPP4Cyq7vUHx12lClJyoCWc2HYgwoCFH8_lnzF0NGft3cJ2Sg3BT5ZJsvg2lsW7JU-,2025-09-24T18:17:05+00:00,16,3.15000000000,1,1,0.062500,0.062500,https://liketk.it/5oZnF
https://product-images-cdn.liketoknow.it/y26uKwClGRW15agttRqCmxGBEpxnJK4KD5fEFIgzFdghy64vGR4ZALZv_vLkgRRqxUgeELobRNMR9RoHu0unvvNKimiMOg9VTHf_UxuvMLaX3MBad2kd39QX_lLVXmwmBajTIEvu5n_iZ_ztkDmFmtsekuWP9hnLjww0v2ZPSAoSbiqDm5Urns7TUXo-,2025-02-03T16:08:20+00:00,1,3.03800000000,1,1,1.000000,1.000000,https://liketk.it/54D8E
https://product-images-cdn.liketoknow.it/jp1neKIFSVlw2QuJ.GE6xgEDGahlZDM9t8vRf47snFeQPqEneVnuxN2H92XamHRRP_gCeMn5UPUFvtLrrwy8Fswlf2a5zTrdMuvCxvS4rx9LNAQFvFpICxpkjTHF4TcyPnAR0Z9WS5GZp896hV9vOKVYMEPAlEnAptdxj5ws7quAXIJS8drQFyCd5IE-,2025-11-13T20:15:50+00:00,13,2.96800000000,1,1,0.076923,0.076923,https://liketk.it/5xFnd
https://product-images-cdn.liketoknow.it/LPLGJCkqBcF.q8o5puhvZmDxSFW2fOVKBTrHfzud6RmDKX0dnP0Q_TPj4ysMD8GAg4KsNpAgh_kMlkZpuqbc3I81UuThw9pk6U2vIy.dX3tBBvcEZKOgVdkWDNfUYVbYGkyQyJoaVljDQebhaFf2Yr1VYiIm.nqa9Vs2a8O8_tdbTVgSidkVS5KuLAQ-,2025-09-28T15:44:35+00:00,26,2.71600000000,2,9,0.076923,0.346153,https://liketk.it/5plLo
https://product-images-cdn.liketoknow.it/JdQNKu795k6Co880dQgNJ68LJXsGpU_z9Sd24DreUaE7VtpVwvtu_6EocrYdreTB8Sq1R4UuB7J4kZGQyDgIiG9UbOEeGrqgMKUo6kQETjetz5Q.OY_UEDXmWMeIi_OArwVlPyypaAHI8vUS1URpW1KEybpjEa2Fa50.7WXyVtND6fWw3CmJ.oGgG2E-,2025-09-25T00:45:15+00:00,31,2.60400000000,1,7,0.032258,0.225806,https://liketk.it/5p1SX
https://product-images-cdn.liketoknow.it/ykrzPo3v1dI5y1CwUE1BNE9g5lti.wHJpyN5TAaVqUgTEOosMYLw6HYGRBmt6ncCs8qvHS04uqQMwB6p4_9knUom4nCpDS4SPW_1bIgskDIueBadilcRgBRV3e1VAT59szsEHz4w7fZVDljixz4dRnrVQtSImtbEP_GcWxoj3_upULo9z6AfCIcg1vE-,2025-09-20T11:10:03+00:00,,2.51300000000,1,1,,,https://liketk.it/5oA5L
https://product-images-cdn.liketoknow.it/pM3C0NpIyVPwAhUQVhrqec98XVNIBxX3cWyabKy_MUj.ZfeYE29d2.D4fKlLKlLULULwY2vqW_zO4UGUrew_7EWEQXmIACh_lIOL5WpJPKeJ91KzcjBErTxrX8c3ynUqq3FXasqOTOpnM2r9IdYmmtxw8je120wAHgrmoTw4shw2ueFHUtjr2tXIoTQ-,2025-11-17T20:08:56+00:00,12,2.45000000000,1,1,0.083333,0.083333,https://liketk.it/5yRim
https://product-images-cdn.liketoknow.it/Yejb4zJY.WozZEbQzbCiCEaSp9NPPiOudIYjIbtITy5VaLdDlIe2_UcC_OBI4dWLPwVdmRr_3zo3Fv8rAj7itTXalLUGlkdtosG2J78oEW09s8weo2bo.HYq81SEFNpZrITHQtYXHPQgRvSYItldWR_KnwaAqckJA5LxVMoHjzTqSjfbJkuIQT2lTdg-,2025-03-12T15:38:09+00:00,2,2.40100000000,3,54,1.500000,27.000000,https://liketk.it/588Vt
https://product-images-cdn.liketoknow.it/z3bLOHOJ6C8X7XRdWYt37OhPbw6iVQlECIIujwcPKFkv3yNWZyHaIrpKa7LwQVodL6JhiF4V8nodMBFFTDZtWKRcO0w_2kyETdnBrat3bzR23ECzobYShpzfvF_PCGHHB3zNv5GZ3MFgb0HW5uHO3zGHyHcP3oJ3cuSXVJGM_T04oHljtC.sRZaSaX4-,2025-08-06T11:59:55+00:00,1,2.31000000000,1,2,1.000000,2.000000,https://liketk.it/5kGYy
https://product-images-cdn.liketoknow.it/DusDVdX2YpXzTEsMnaQFeLkIVcJyomBuAHdZFNpNot7KXJjjPHdhPtUbfsOyHZlEvBBTl4bVmtLE.MbKDCQ10XTSNclBqZpQZjwhxMwdfpCjYf7Sbzp.Wcwfd2lAa5JkO5GSBb83WOOJESKfwmOPM__zrkg4qYDQA36MY.uxyrH0EmIH6tlIi0yfbqY-,2025-10-23T11:02:51+00:00,148,2.09300000000,1,1,0.006756,0.006756,https://liketk.it/5s2IC
https://product-images-cdn.liketoknow.it/.gwG5u6qPRsGu34H9U8RL_AcIpPDPwAi.C5br_kuztMInva0FDaNPVdcBlavorfA3_NWxPPNASnun8jjIsu5oLUGAqnfJ7EnE4mExvJKrT2vWYDALv_p3g9b8knAjbDLknSIbz8DDjudOaq8S.UYcDTgxGoSIgr5E3npzTAszeAlmnXI.3aNQZ_8b_Q-,2025-09-25T01:27:23+00:00,3,1.96000000000,1,1,0.333333,0.333333,https://liketk.it/5p29j
https://product-images-cdn.liketoknow.it/XjdRRmHD0NjDFVf9BjDeSe2okXR8II3_Qn1LmWMqugYso.XrL6OnQDj2yv3YQ.4OGkHONLa9wx.avFi9FAdD4gaGV_PWr05qsiHfGH31il9suc29NUnhHhfl1.6jmv2NJALqx4liiUpwAAkZ6btID2KSu0VcMfoMdlD5bhCZOHqVLFnF3TgrsmnoiKg-,2025-11-17T11:18:10+00:00,17,1.86200000000,1,2,0.058823,0.117647,https://liketk.it/5yJV8
https://product-images-cdn.liketoknow.it/NTD8lRVm7msdoS.RRcayyo3KYctYl5kjrrC3.QtzNy0Q3u9.fXs2hFzFrW.u47OyE2RLEI.FTSk8kudYpVgaU7wsDVyEzQDapfMWHo5iuD.g99wd0AlEja9JEnrndMJcBgjjg0nkvQIEXtIMaCYEpp9yJ3sInZ0VQQ1aITiEz1WqR_gXkwfogqLc6hU-,2025-10-07T12:34:22+00:00,4,1.78500000000,3,60,0.750000,15.000000,https://liketk.it/5qqMk
https://product-images-cdn.liketoknow.it/98UMxCa1bcpsvmM_9V8BPI527eA6OrjnmLkzmDGCZH0wtFoTmUV9SNMarZcFlL0vVWZdOq1TxDT4MHV0IdnMlt.gYQ4NeXs3Q5nziHZDORyJRdjoSdGkvxR5nXVv9ZfSAn5eTB_HPJIL6KdH3gRflVxBtUGg4SHjO4u..fSlTCLiprCiWG7JlWqn0po-,2025-10-09T22:18:29+00:00,4,1.39300000000,2,15,0.500000,3.750000,https://liketk.it/5qJUW
https://product-images-cdn.liketoknow.it/AmFxXkmBfYv8n2Ks2.y__5iRwg7MnSQgv6p0a5KjkZm4Zx7lJP39Qb5NJmBSVl2KQsWsLwT._t_PPvXfp_kzHSCBO0iM6pAiyu87f7AZtei9bzOO0oDMnldApj29dWAPl9rM2NRFONJsDhh9lNoO7Oq3ydI725IitTVr_eCXLuLC2bpKk1JXCYxu8IU-,2025-11-20T02:30:33+00:00,13,1.26000000000,1,1,0.076923,0.076923,https://liketk.it/5zAts
https://product-images-cdn.liketoknow.it/75276hFW24e_IuyUMT0qevEg9qmPROiThKSBLtrhmrbWIEHNUWEXfweJI_VNeUni9pMk6BGJiH5lB4Kzp.x7SDVoOT_NmZZkZXoulU7Y.yHlnI6AMkV.Rq_Y8GOAYsAZfsgfKJx7poDmQxPM9CqQ.LO.E8JXcOJRiLYMgufStijumCXE2JeeARZvOhc-,2025-10-23T11:01:54+00:00,3,1.23900000000,1,11,0.333333,3.666666,https://liketk.it/5s2It
https://product-images-cdn.liketoknow.it/EBQflU8Uu9fScylocQmYM5MR5ct0dn.7dbgEeDymfZ1dvBgzNXPi9AVuT_PA3mJUX9gWr8IlGRhyUzirXZmxPUL7OpBmWZ5ODOKSTIHje.HoTpbrdrDJ_Rk53nRlL50TrB2TBO6CQoxYB1.KHXndHpDrFSd.J.qGIIyFltyTsYgacGMlvXcIwi6zoVg-,2025-09-13T19:07:01+00:00,10,1.01500000000,1,1,0.100000,0.100000,https://liketk.it/5nYqm
https://product-images-cdn.liketoknow.it/ShtEtpiaeZEShIFTpyV0np4ZlVV2tdlpdR3_yTKxEcW7Bq6QhtoME4T3OmxQxuHFn1TkA9j2C.koXgrPQfLUW8NpP_Ut_lmF27BF7RXnpxLyn3xwfsuRRkTKNbyKyiEjghUCLay3bsKIy44Qo.EHnKXny64etovL_Ab1Nvs.HNAmyxwygotsKscwaRc-,2025-10-06T07:46:12+00:00,15,0.93800000000,2,7,0.133333,0.466666,https://liketk.it/5qiT9
https://product-images-cdn.liketoknow.it/Xd1EDnBTT4l.Teq.7YkzDjd4LuIVPboqdCKdfGLqaMNfCp8H7O39OX.6Vl9qw2BSs.8W27nSMZtJCd7r8f58B4Gg.aCZPwweiSaEB2CCAGRxEn40biwdpn1ctLWEOZVwasn8DZnb24jv5DlvDGEPIivsDRSa0gNEVYY8a4fzvpdVDTatBht4Avt_.e0-,2025-10-14T19:13:11+00:00,24,0.89600000000,1,2,0.041666,0.083333,https://liketk.it/5rap8
https://product-images-cdn.liketoknow.it/faOd9xpFjICHDcZplQnmb33to9XdtUyu_TunHQfI64OqHlZ1oL7OnoVszyXCgmYnWE_y525Ppdn6HuMOOhrw9oANsmS4rmqSj7qchXzMUYXOKTAaWCWkm2nbw_e7Nze0wumEZSVKwvDtMX9iEfsRivHKlnnpiAPHgN10I7G.CxYciHG1G15_c4B2zPM-,2025-09-23T20:05:55+00:00,7,0.34300000000,1,1,0.142857,0.142857,https://liketk.it/5oLWZ
https://product-images-cdn.liketoknow.it/9t4iagwZSlOU_0wNAc4ayjPj.KhqFrWZyz8.BYvME6ZJGZHxAEP7EiDTpT2_3DVLiJ6DRHpquftPiVz9r45nokrXSvGyl93FDDVxbolUnShSCgKaPENkxEs17Dx4oxOTCIVN8_gl.WTXPeSkDWSjcnB3OkMy_Cxp37Mp7gRB7uTK3hUG5Uc0Sxbu0Qs-,2025-10-07T12:12:39+00:00,5,0.05600000000,1,19,0.200000,3.800000,https://liketk.it/5qqGi
https://product-images-cdn.liketoknow.it/YFMWL10mPthhPIFtLSC7yfhwbR5peBf6H9V_JLfNdpwotZorSpa4Qw30ei2yVfqo8EMrf4jNMjjlf953MQ_bX2mARCdKHgj9iUqp4mGnqD6L1l.SS6qsKxDHqSfPPJ.zMA2grkFS7ClDVfM3ONdG58CaFhMvTiqBs2lcCjlUt9mt4LDqq0z9ROgrKjs-,2025-08-17T05:49:19+00:00,22,0E-11,1,1,0.045454,0.045454,https://liketk.it/5lzEE
https://product-images-cdn.liketoknow.it/y5jlbRWosVopvXpdAXoRQk0yYHFvQ9ZmFJjhDX_LVHa4wTucCz29FV8KbJTzMXDDO3CFlaMWv.e3i77hdWuO.rRP6X7ZZWa5u5pYaWsJeS8nHWtdwh1vB29YsdecDXiPTJXsMz8_XV.rl7bmmxHT7fOqJJoMX4M_XuITFpM62AKCwQzgsWjeD0QdscQ-,2025-10-12T19:23:06+00:00,81,0E-11,1,1,0.012345,0.012345,https://liketk.it/5qYny
https://product-images-cdn.liketoknow.it/56xfEbcXjeg8Fyezgyo.bGknK25KARob3lm.c.ql8eaG_lQl0vUQQM4z3GjB6taaX1CLNtd7fMGzU4U_ifL8srajJIcaFEIhEzFLlxAk.kKrSOmJXXWISzSFD8imR10ISFpJvG._gQaIKpXo.0r8sa2rPRP1HtCQhgI.vENf6T9sXEHKr3rGyUnDxIE-,2025-08-25T17:06:35+00:00,6,0E-11,1,1,0.166666,0.166666,https://liketk.it/5mgyV
,,33,0E-11,2,2,0.060606,0.060606,
https://product-images-cdn.liketoknow.it/gYPlfUbisZarIIQ51mYGhMmDGjgmF6uAnbX4981r0diWm5u9JHBP3s.le5dwSVFpD30NtnK616Hkan18EkrTS6yBmTlgmt8EyEZc.Os597qVQT3hDATzOy2B5.kAzd.Xw1V8l8De7yRdr1AxoBWGVaj6DuHKEKfY8s3DNBYqtYbKAB8P7YQ_4Vuflpc-,2025-01-13T19:57:44+00:00,2,0E-11,2,2,1.000000,1.000000,https://liketk.it/52EjP
https://product-images-cdn.liketoknow.it/qGT_EoHLdGk7dZ94GJPnP4f9teE1DgCZk4oADMvtFU8jYLE.4TMkbn.sVt.FNicW3FGuA9_JHsCNvS7Gntk0sXNldoXIBGF5rYUQNLrE.zDl4uMeQCck49RcVz3iAdstfQk3F6leXa8T23z7uMLyI3hTbJrMMhJ_6m67AoKlKOuDu3JOT9F.I2dYAgU-,2025-10-26T15:39:52+00:00,450,0E-11,2,4,0.004444,0.008888,https://liketk.it/5sBS4
